INSERT INTO laptop VALUES('LB00000000', 'https://store.storeimages.cdn-apple.com/8756/as-images.apple.com/is/macbook-air-space-gray-select-201810?wid=904&hei=840&fmt=jpeg&qlt=95&.v=1633027804000', '13-inch MacBook Air', 4399.00, 'Business Laptop', 'Apple M1 Chip 8-core CPU, 7-core GPU and 16-core Neural Engine', '8GB unified memory', '256GB SSD storage', NULL);
INSERT INTO laptop VALUES('LB00000001', 'https://store.storeimages.cdn-apple.com/8756/as-images.apple.com/is/macbook-air-space-gray-select-201810?wid=904&hei=840&fmt=jpeg&qlt=95&.v=1633027804000', '13-inch MacBook Air', 5399.00, 'Business Laptop', 'Apple M1 Chip 8-core CPU, 8-core GPU and 16-core Neural Engine', '8GB unified memory', '512GB SSD storage', NULL);
INSERT INTO laptop VALUES('LB00000002', 'https://store.storeimages.cdn-apple.com/8756/as-images.apple.com/is/mbp-spacegray-select-202011_GEO_MY?wid=904&hei=840&fmt=jpeg&qlt=95&.v=1632948891000', '13-inch MacBook Pro', 5599.00, 'Business Laptop', 'Apple M1 Chip 8-core CPU, 8-core GPU and 16-core Neural Engine', '8GB unified memory', '256GB SSD storage', NULL);
INSERT INTO laptop VALUES('LB00000003', 'https://store.storeimages.cdn-apple.com/8756/as-images.apple.com/is/mbp-spacegray-select-202011_GEO_MY?wid=904&hei=840&fmt=jpeg&qlt=95&.v=1632948891000', '13-inch MacBook Pro', 6399.00, 'Business Laptop', 'Apple M1 Chip 8-core CPU, 8-core GPU and 16-core Neural Engine', '8GB unified memory', '512GB SSD storage', NULL);
INSERT INTO laptop VALUES('LG00000000', 'https://www.myfixguide.com/wp-content/uploads/2021/05/legion-5-pro-amd-1.jpg', 'Legion 5 15-inch Gen 6', 4473.00, 'Gaming Laptop', 'AMD Ryzen 5 5600H Processor', '16GB SO-DIMM DDR4 3200MHz', '512GB M.2 2280 SSD', 'NVIDIA GeForce GTX 1650 4GB GDDR6');
INSERT INTO laptop VALUES('LG00000001', 'https://mystore.msi.com/wp-content/uploads/2022/01/MYSTORE-Katana_GF66_Black.png', 'Katana GF66 11UG 457', 6499.00, 'Gaming Laptop', 'Tiger Lake i7-11800H, Intel HM570', 'DDR IV 8GB*2 (3200MHz)', '512GB NVMe PCIe Gen3x4 SSD', 'GeForce RTX3070 GDDR6 8GB');
INSERT INTO laptop VALUES('LG00000002', 'https://mystore.msi.com/wp-content/uploads/2022/01/346b8bb7_MSI_NB_Vector_GP76_photo02.png', 'Vector GP66 12UE 272', 7999.00, 'Gaming Laptop', 'Up to latest 12th Gen. Intel Core i7 processor', '16GB (8GB*2) DDR4 3200MHz Ram', '1TB NVMe PCIe SSD Gen4x4 w/o DRAM', 'NVIDIA GeForce RTX3060, GDDR6 6GB');
INSERT INTO laptop VALUES('LB00000003', 'https://store.storeimages.cdn-apple.com/8756/as-images.apple.com/is/mbp14-spacegray-select-202110?wid=904&hei=840&fmt=jpeg&qlt=95&.v=1632788573000', '14-inch MacBook Pro', 8799.00, 'Business Laptop', 'Apple M1 Pro with 8-core CPU, 14-core GPU', '16GB unified memory', '512GB SSD storage', NULL);
INSERT INTO laptop VALUES('LB00000004', 'https://store.storeimages.cdn-apple.com/8756/as-images.apple.com/is/mbp14-spacegray-select-202110?wid=904&hei=840&fmt=jpeg&qlt=95&.v=1632788573000', '14-inch MacBook Pro', 10799.00, 'Business Laptop', 'Apple M1 Pro with 10-core CPU, 16-core GPU', '16GB unified memory', '1TB SSD storage', NULL);
INSERT INTO laptop VALUES('LB00000005', 'https://store.storeimages.cdn-apple.com/8756/as-images.apple.com/is/mbp16-spacegray-select-202110?wid=904&hei=840&fmt=jpeg&qlt=80&.v=1632788574000', '16-inch MacBook Pro', 10799.00, 'Business Laptop', 'Apple M1 Pro with 10-core CPU, 16-core GPU', '16GB unified memory', '512GB SSD storage', NULL);
INSERT INTO laptop VALUES('LB00000006', 'https://store.storeimages.cdn-apple.com/8756/as-images.apple.com/is/mbp16-spacegray-select-202110?wid=904&hei=840&fmt=jpeg&qlt=80&.v=1632788574000', '16-inch MacBook Pro', 11599.00, 'Business Laptop', 'Apple M1 Pro with 10-core CPU, 16-core GPU', '16GB unified memory', '1TB SSD storage', NULL);
INSERT INTO laptop VALUES('LB00000007', 'https://store.storeimages.cdn-apple.com/8756/as-images.apple.com/is/mbp16-spacegray-select-202110?wid=904&hei=840&fmt=jpeg&qlt=80&.v=1632788574000', '16-inch MacBook Pro', 14799.00, 'Business Laptop', 'Apple M1 Max chip with 10-core CPU, 32-core GPU', '32GB unified memory', '1TB SSD storage', NULL);
INSERT INTO laptop VALUES('LG00000003', 'https://mystore.msi.com/wp-content/uploads/2022/03/2-5.png', 'Stealth 15M B12UE 033', 6999.00, 'Gaming Laptop', 'Up to latest 12th Gen. Intel Core i7 processor', '16GB (8GB*2) DDR4 3200MHz Ram', '512GB NVMe PCIe SSD Gen4x4 w/o DRAM', 'NVIDIA GeForce RTX3060, GDDR6 6GB');
INSERT INTO laptop VALUES('LG00000004', 'https://mystore.msi.com/wp-content/uploads/2022/01/MSI_NB_-Stealth-GS66_photo03.png', 'Stealth GS66 12UHS 204', 19999.00, 'Gaming Laptop', 'Alder Lake i9-12900H', '32GB*2 RAM (4800Mhz)', '2TB NVMe PCIe Gen4x4 SSD', 'GeForce RTX3080Ti Max-Q ,16GB GDDR6');

INSERT INTO paymentcard VALUES('5412-7512-3412-3456', 999999.00);
INSERT INTO paymentcard VALUES('3141-5926-5358-9793', 999.00);


INSERT INTO TECHNETUSER VALUES('A001', 'RYAN', 'CHAN', 'ADMINTECHNET123');
INSERT INTO TECHNETUSER VALUES('S001', 'JACK', 'CHAN', 'JACK123');
INSERT INTO TECHNETUSER VALUES('S002', 'BENG SEN', 'GAN', 'GAN123');
INSERT INTO TECHNETUSER VALUES('S003', 'XUAN CHENG', 'NG', 'NG123');
INSERT INTO TECHNETUSER VALUES('S004', 'XUAN JIE', 'JONG', 'JONG123');


INSERT INTO ADMINCOMMENT VALUES('C001','A001','Added a new laptop.');
INSERT INTO ADMINCOMMENT VALUES('C002','S001','Added a new laptop.');
INSERT INTO ADMINCOMMENT VALUES('C003','S001','Added a new laptop.');
INSERT INTO ADMINCOMMENT VALUES('C004','S001','Added a new laptop.');
INSERT INTO ADMINCOMMENT VALUES('C005','S002','Added a new laptop.');
INSERT INTO ADMINCOMMENT VALUES('C006','S003','Added a new laptop.');


INSERT INTO orders VALUES ('O001', 'LB00000000', 1,'Pending Packing','10/2/2022','hang123@gmail.com','No 456,Lorong 20,Taman Samarinda,42700 Banting,Selangor',4399.00);
INSERT INTO orders VALUES ('O002', 'LB00000001', 3,'Pending Shipping','10/5/2022','xian9900@gmail.com','868 Jln Subang 8 Taman Perindustrian Subang Petaling Jaya, 47500 Petaling Jaya, Selangor',16197.00);
INSERT INTO orders VALUES ('O003', 'LB00000002', 1,'Pending Delivery','10/10/2022','xiaohan@gmail.com','Jalan Industri Temerloh, Temerloh Industrial Park, 28400 Menrakab, Pahang',5399.00);
INSERT INTO orders VALUES ('O004', 'LB00000003', 1,'Pending Shipping','10/10/2022','yinng22@gmail.com','No. 107 A Jln Sutera Taman Sentosa, 80150 Johor Bahru, Johor',6399.00);
INSERT INTO orders VALUES ('O005', 'LG00000001', 1,'Shipped','10/18/2022','zhixing@gmail.com','No 10, Jalan Durian 2,Taman Durian, 50000 Kuala Lumpur,Wilayah Persekutuan Kuala Lumpur',6499.00);
INSERT INTO orders VALUES ('O006', 'LG00000002', 1,'Delivering','10/18/2021','junjun@gmail.com','No 22, Jalan Rambutan 8,Taman Buahan, 57000 Kuala Lumpur,Wilayah Persekutuan Kuala Lumpur',7999.00);
INSERT INTO orders VALUES ('O007', 'LB00000000', 1,'Received','11/03/2021','shanshan@gmail.com','88, Jalan Raja Chulan, 50200 Kuala Lumpur, Wilayah Persekutuan',6499.00);
INSERT INTO orders VALUES ('O008', 'LB00000001', 1,'Delivered','11/04/2021','charles@gmail.com','Lorong 1, 14000 Lorong Sepakat Satu, Taman Bandaraya',6499.00);
INSERT INTO orders VALUES ('O009', 'LB00000002', 1,'Shipped','11/11/2021','jimmy@gmail.com','No 6, Jalan Seribu 2,Taman Seribu, 47600 Banting, Selangor',6499.00);
INSERT INTO orders VALUES ('O010', 'LB00000003', 1,'Pending Shipping','11/11/2022','xian9900@gmail.com','No 8, Jalan Cempaka 8, Taman Buahan, 42700 Banting, Selangor',6499.00);
INSERT INTO orders VALUES ('O011', 'LG00000001', 1,'Pending Delivery','11/12/2022','yinng22@gmail.com','No. 14, Jalan USJ 10/1E, 47301 Petaling Jaya, Selangor',6499.00);
INSERT INTO orders VALUES ('O012', 'LG00000002', 1,'Pending Delivery','11/15/2022','junjun@gmail.com',' No. 11 A Jln Pandan 3/5 Taman Pandan Jaya Kuala Lumpur, 55100 Kuala Lumpur, Wilayah Persekutuan',6499.00);
INSERT INTO orders VALUES ('O013', 'LB00000000', 1,'Delivering','11/03/2021','charles@gmail.com','Jalan Sibu, Taman Wahyu,, 68100 Batu Caves, Selangor',6499.00);
INSERT INTO orders VALUES ('O014', 'LB00000001', 1,'Delivering','11/04/2021','hang123@gmail.com','Taman Stulang Laut, Jalan Ibrahim Sultan, 80300 Johor Bahru, Johor',6499.00);
INSERT INTO orders VALUES ('O015', 'LB00000002', 1,'Pending Shipping','11/11/2021','xiaohan@gmail.com','G Blok G Komplek Sentosa Jln Sutera 3 Taman Sentosa, 80150 Johor Bahru, Johor',6499.00);
INSERT INTO orders VALUES ('O016', 'LB00000003', 1,'Pending Packing','11/11/2022','zhixing@gmail.com','Cangkat Sungai Ara 2, Desa Ara, 11900 Bayan Lepas, Pulau Pinang',6499.00);
INSERT INTO orders VALUES ('O017', 'LG00000001', 1,'Pending Shipping','11/12/2022','shanshan@gmail.com','7 & 9 M/J3 Taman Majlis Jaya Sungai Chua, 43000 Kajang, Selangor',6499.00);
INSERT INTO orders VALUES ('O018', 'LG00000002', 1,'Pending Packing','11/15/2022','jimmy@gmail.com',' 1 Jln C Off Jalan Masjid Kampung Melayu Majidee, 81100 Johor Bahru, Johor',6499.00);
INSERT INTO orders VALUES ('O019', 'LB00000000', 1,'Pending Delivery','11/03/2021','hang123@gmail.com','Bazaar Baru Mps Jln Lee Sam, 70000 Serembam, Negeri Sembilan',6499.00);
INSERT INTO orders VALUES ('O020', 'LB00000001', 1,'Received','01/10/2022','jimmy@gmail.com','No. 15, WISMA NORBAYA Jalan 2/4C Desa Melawati, 53000 Kuala Lumpur, Wilayah Persekutuan',6499.00);
INSERT INTO orders VALUES ('O021', 'LB00000002', 1,'Pending Shipping','01/15/2022','xian9900@gmail.com','25B Jln 4/21D Medan Idaman, 53000 Kuala Lumpur, Wilayah Persekutuan',6499.00);
INSERT INTO orders VALUES ('O022', 'LB00000003', 1,'Pending Shipping','02/16/2022','charles@gmail.com','No. 1 A Jln Sulam Taman Sentosa, 80150 Johor Bahru, Johor',6499.00);
INSERT INTO orders VALUES ('O023', 'LG00000001', 1,'Pending Shipping','02/17/2022','xiaohan@gmail.com','25 Jln Kolam Taman Tasik, 80200 Johor Bahru, Johor',6499.00);
INSERT INTO orders VALUES ('O024', 'LG00000002', 1,'Delivered','02/18/2022','shanshan@gmail.com',' 1760 Permatang Tinggi, 14100 Simpang Ampat, Penang',6499.00);
INSERT INTO orders VALUES ('O025', 'LB00000000', 1,'Pending Packing','03/11/2022','charles@gmail.com','Bazaar Baru Mps Jln Lee Sam, 70000 Serembam, Negeri Sembilan',6499.00);
INSERT INTO orders VALUES ('O026', 'LB00000001', 1,'Received','03/19/2022','xian9900@gmail.com','No. 15, WISMA NORBAYA Jalan 2/4C Desa Melawati, 53000 Kuala Lumpur, Wilayah Persekutuan',6499.00);
INSERT INTO orders VALUES ('O027', 'LB00000002', 1,'Pending Packing','03/19/2022','junjun@gmail.com','25B Jln 4/21D Medan Idaman, 53000 Kuala Lumpur, Wilayah Persekutuan',6499.00);
INSERT INTO orders VALUES ('O028', 'LB00000003', 1,'Received','03/20/2022','hang123@gmail.com','No. 1 A Jln Sulam Taman Sentosa, 80150 Johor Bahru, Johor',6499.00);
INSERT INTO orders VALUES ('O029', 'LG00000001', 1,'Received','03/22/2022','hang123@gmail.com','25 Jln Kolam Taman Tasik, 80200 Johor Bahru, Johor',6499.00);
INSERT INTO orders VALUES ('O030', 'LG00000002', 1,'Delivered','03/25/2022','yinng22@gmail.com',' 1760 Permatang Tinggi, 14100 Simpang Ampat, Penang',6499.00);


INSERT INTO users VALUES ('hang123@gmail.com', 'James', 'Ku Wee Beng','016-6431224','Ku33990!');
INSERT INTO users VALUES ('xian9900@gmail.com', 'Alex', 'Tan Chun Xian','019-3589737','Xian3803!');
INSERT INTO users VALUES ('xiaohan@gmail.com', 'Xiao Han', 'Ong','010-6834421','Han9986!');
INSERT INTO users VALUES ('yinng22@gmail.com', 'Ying Ying', 'Tan','016-1999899','Ying3383!');
INSERT INTO users VALUES ('zhixing@gmail.com', 'Zhi Xing', 'Han','012-8816633','Xing7741!');
INSERT INTO users VALUES ('junjun@gmail.com','Jun Jun','Hong','019-3332220','Jun3322!');
INSERT INTO users VALUES ('shanshan@gmail.com','Shan Shan','Teoh','011-2233450','Sherly0022!');
INSERT INTO users VALUES ('powerful@gmail.com','Bi Biu','Chan','018-9997892','Lucky135!');
INSERT INTO users VALUES ('charles@gmail.com','Charles','Teng','016-3388654','charles302!');
INSERT INTO users VALUES ('jimmy@gmail.com','Jimmy','Ho','012-3990754','jimmy7788!');
